{"cameraMode":{"drawMode":0,"name":"Shaded","section":"Shading Mode"},"sceneLighting":true,"audioPlay":false,"sceneViewState":{"showFog":true,"showMaterialUpdate":false,"showSkybox":true,"showFlares":true,"showImageEffects":true,"showParticleSystems":true},"in2DMode":false,"pivot":{"x":0.9822560548782349,"y":0.08225781470537186,"z":-2.2677934169769289},"rotation":{"x":-0.30546674132347109,"y":0.13705971837043763,"z":-0.044482070952653888,"w":-0.941253662109375},"size":3.012223958969116,"orthographic":false}